{"cameraMode":{"drawMode":0,"name":"Shaded","section":"Shading Mode"},"sceneLighting":false,"audioPlay":false,"sceneViewState":{"showFog":false,"showMaterialUpdate":false,"showSkybox":false,"showFlares":false,"showImageEffects":false,"showParticleSystems":false},"in2DMode":false,"pivot":{"x":-0.04485893249511719,"y":1.4818990230560303,"z":0.29988932609558108},"rotation":{"x":0.0266307070851326,"y":-0.9534689784049988,"z":0.2871231436729431,"w":0.08834913372993469},"size":4.2659592628479,"orthographic":false}