{"cameraMode":{"drawMode":0,"name":"Shaded","section":"Shading Mode"},"sceneLighting":false,"audioPlay":false,"sceneViewState":{"showFog":false,"showMaterialUpdate":false,"showSkybox":false,"showFlares":false,"showImageEffects":false,"showParticleSystems":false},"in2DMode":false,"pivot":{"x":-0.4427933692932129,"y":0.7869521379470825,"z":0.029111623764038087},"rotation":{"x":0.03976666182279587,"y":-0.7739103436470032,"z":0.04881205037236214,"w":0.630200207233429},"size":2.532104015350342,"orthographic":false}