{"cameraMode":{"drawMode":0,"name":"Shaded","section":"Shading Mode"},"sceneLighting":false,"audioPlay":false,"sceneViewState":{"showFog":false,"showMaterialUpdate":false,"showSkybox":false,"showFlares":false,"showImageEffects":false,"showParticleSystems":false},"in2DMode":false,"pivot":{"x":0.08536937832832337,"y":0.5868000388145447,"z":0.23835480213165284},"rotation":{"x":0.038947369903326038,"y":-0.9516744017601013,"z":0.2726280391216278,"w":0.13595357537269593},"size":5.093832015991211,"orthographic":false}