{"cameraMode":{"drawMode":0,"name":"Shaded","section":"Shading Mode"},"sceneLighting":false,"audioPlay":false,"sceneViewState":{"showFog":false,"showMaterialUpdate":false,"showSkybox":false,"showFlares":false,"showImageEffects":false,"showParticleSystems":false},"in2DMode":false,"pivot":{"x":0.0016835927963256837,"y":1.5875056982040406,"z":-0.1271982640028},"rotation":{"x":0.01120174489915371,"y":0.6665365695953369,"z":-0.009977947920560837,"w":0.7453773021697998},"size":0.5291703939437866,"orthographic":false}