{"cameraMode":{"drawMode":0,"name":"Shaded","section":"Shading Mode"},"sceneLighting":false,"audioPlay":false,"sceneViewState":{"showFog":false,"showMaterialUpdate":false,"showSkybox":false,"showFlares":false,"showImageEffects":false,"showParticleSystems":false},"in2DMode":false,"pivot":{"x":-0.3668787479400635,"y":1.1153090000152588,"z":0.11321353912353516},"rotation":{"x":-0.07680957019329071,"y":0.8775632381439209,"z":-0.1501970887184143,"w":-0.4488932192325592},"size":1.8157668113708497,"orthographic":false}