{"cameraMode":{"drawMode":0,"name":"Shaded","section":"Shading Mode"},"sceneLighting":true,"audioPlay":false,"sceneViewState":{"showFog":false,"showMaterialUpdate":false,"showSkybox":false,"showFlares":false,"showImageEffects":false,"showParticleSystems":false},"in2DMode":false,"pivot":{"x":0.15070056915283204,"y":0.7920248508453369,"z":1.904959797859192},"rotation":{"x":0.24190853536128999,"y":-0.6654762625694275,"z":0.2427704632282257,"w":0.6630942225456238},"size":3.43278431892395,"orthographic":false}