{"cameraMode":{"drawMode":0,"name":"Shaded","section":"Shading Mode"},"sceneLighting":false,"audioPlay":false,"sceneViewState":{"showFog":false,"showMaterialUpdate":false,"showSkybox":false,"showFlares":false,"showImageEffects":false,"showParticleSystems":false},"in2DMode":false,"pivot":{"x":0.0019012391567230225,"y":0.9770779609680176,"z":2.147308349609375},"rotation":{"x":-0.11116278916597367,"y":0.8795366883277893,"z":-0.2519625723361969,"w":-0.388039231300354},"size":3.4063713550567629,"orthographic":false}