{"cameraMode":{"drawMode":0,"name":"Shaded","section":"Shading Mode"},"sceneLighting":false,"audioPlay":false,"sceneViewState":{"showFog":false,"showMaterialUpdate":false,"showSkybox":false,"showFlares":false,"showImageEffects":false,"showParticleSystems":false},"in2DMode":false,"pivot":{"x":-0.07112479209899903,"y":0.08342313766479492,"z":0.11118555068969727},"rotation":{"x":-0.023862324655056,"y":-0.9697157144546509,"z":0.21888470649719239,"w":-0.1057201474905014},"size":1.7132337093353272,"orthographic":false}