{"cameraMode":{"drawMode":0,"name":"Shaded","section":"Shading Mode"},"sceneLighting":false,"audioPlay":false,"sceneViewState":{"showFog":false,"showMaterialUpdate":false,"showSkybox":false,"showFlares":false,"showImageEffects":false,"showParticleSystems":false},"in2DMode":false,"pivot":{"x":427.9051818847656,"y":200.4344024658203,"z":0.21633338928222657},"rotation":{"x":-0.2375553995370865,"y":0.7141668796539307,"z":-0.28607580065727236,"w":-0.5930385589599609},"size":1563.0667724609375,"orthographic":false}