{"cameraMode":{"drawMode":0,"name":"Shaded","section":"Shading Mode"},"sceneLighting":false,"audioPlay":false,"sceneViewState":{"showFog":false,"showMaterialUpdate":false,"showSkybox":false,"showFlares":false,"showImageEffects":false,"showParticleSystems":false},"in2DMode":false,"pivot":{"x":0.4694969654083252,"y":0.9967300891876221,"z":-0.12126883864402771},"rotation":{"x":0.15748929977416993,"y":0.7275981903076172,"z":-0.17805670201778413,"w":0.6435559391975403},"size":1.8563339710235596,"orthographic":false}