{"cameraMode":{"drawMode":0,"name":"Shaded","section":"Shading Mode"},"sceneLighting":true,"audioPlay":false,"sceneViewState":{"showFog":false,"showMaterialUpdate":false,"showSkybox":false,"showFlares":false,"showImageEffects":false,"showParticleSystems":false},"in2DMode":false,"pivot":{"x":-0.4044051170349121,"y":0.6374554634094238,"z":1.870831847190857},"rotation":{"x":-0.2375553995370865,"y":0.7141668796539307,"z":-0.28607580065727236,"w":-0.5930385589599609},"size":3.5416321754455568,"orthographic":false}