{"cameraMode":{"drawMode":0,"name":"Shaded","section":"Shading Mode"},"sceneLighting":true,"audioPlay":false,"sceneViewState":{"showFog":false,"showMaterialUpdate":false,"showSkybox":false,"showFlares":false,"showImageEffects":false,"showParticleSystems":false},"in2DMode":false,"pivot":{"x":-0.22654032707214356,"y":0.363814115524292,"z":-0.26907825469970705},"rotation":{"x":-0.09931886196136475,"y":0.8901018500328064,"z":-0.23346464335918427,"w":-0.3787703514099121},"size":7.137329578399658,"orthographic":false}