{"cameraMode":{"drawMode":0,"name":"Shaded","section":"Shading Mode"},"sceneLighting":true,"audioPlay":false,"sceneViewState":{"showFog":false,"showMaterialUpdate":false,"showSkybox":false,"showFlares":false,"showImageEffects":false,"showParticleSystems":false},"in2DMode":false,"pivot":{"x":-0.6786904335021973,"y":1.3057591915130616,"z":1.9964781999588013},"rotation":{"x":-0.24023984372615815,"y":0.6317718029022217,"z":-0.2153392881155014,"w":-0.7048252820968628},"size":3.5416321754455568,"orthographic":false}