{"cameraMode":{"drawMode":0,"name":"Shaded","section":"Shading Mode"},"sceneLighting":false,"audioPlay":false,"sceneViewState":{"showFog":false,"showMaterialUpdate":false,"showSkybox":false,"showFlares":false,"showImageEffects":false,"showParticleSystems":false},"in2DMode":false,"pivot":{"x":-0.17918959259986878,"y":1.5166528224945069,"z":-0.6430985927581787},"rotation":{"x":0.013746294192969799,"y":-0.9855817556381226,"z":0.09938527643680573,"w":0.1362857222557068},"size":1.3018332719802857,"orthographic":false}